la_ratatouille,2018-05-14 06:56:28,2018-05-14 07:18:28,6,7
la_ratatouille,2017-05-12 07:27:52,2017-05-12 07:56:52,8,6
jack_rabbit_slims,2017-07-17 08:58:01,2017-07-17 09:10:01,2,2
la_ratatouille,2018-03-28 23:51:08,2018-03-29 00:26:08,5,9
jack_rabbit_slims,2017-03-15 15:25:34,2017-03-15 15:50:34,4,9
la_ratatouille,2017-04-21 12:06:31,2017-04-21 12:23:31,9,4
la_ratatouille,2017-06-01 15:29:37,2017-06-01 15:44:37,7,5
la_ratatouille,2017-03-09 21:05:12,2017-03-09 21:11:12,3,2
jack_rabbit_slims,2018-11-25 10:53:54,2018-11-25 11:08:54,3,5
la_ratatouille,2018-04-09 03:36:31,2018-04-09 03:57:31,8,7
jack_rabbit_slims,2018-03-22 20:30:03,2018-03-22 21:14:03,8,10
la_ratatouille,2018-11-28 11:03:46,2018-11-28 11:06:46,7,1
jack_rabbit_slims,2017-01-02 06:59:53,2017-01-02 07:05:53,2,1
jack_rabbit_slims,2018-01-03 05:11:54,2018-01-03 05:39:54,2,5
la_ratatouille,2017-07-11 18:34:17,2017-07-11 19:02:17,3,9
la_ratatouille,2017-06-29 01:11:06,2017-06-29 01:35:06,4,4
jack_rabbit_slims,2017-08-22 09:54:51,2017-08-22 10:00:51,4,2
jack_rabbit_slims,2017-06-28 13:44:09,2017-06-28 13:58:09,8,4
la_ratatouille,2018-04-15 05:10:43,2018-04-15 05:29:43,2,3
jack_rabbit_slims,2018-04-10 14:39:33,2018-04-10 14:59:33,5,7
la_ratatouille,2018-04-17 02:29:47,2018-04-17 03:07:47,2,10
la_ratatouille,2018-03-21 09:45:08,2018-03-21 10:01:08,10,4
jack_rabbit_slims,2017-06-12 08:36:30,2017-06-12 08:44:30,7,3
la_ratatouille,2018-09-12 11:50:48,2018-09-12 11:52:48,4,1
jack_rabbit_slims,2016-12-20 21:46:27,2016-12-20 22:00:27,8,3
jack_rabbit_slims,2017-11-24 18:44:28,2017-11-24 19:03:28,7,3
jack_rabbit_slims,2018-08-18 08:32:42,2018-08-18 08:58:42,1,7
jack_rabbit_slims,2018-10-27 12:31:06,2018-10-27 13:07:06,9,8
la_ratatouille,2018-02-16 14:27:06,2018-02-16 14:48:06,4,6
jack_rabbit_slims,2018-02-18 19:35:39,2018-02-18 19:47:39,6,2
jack_rabbit_slims,2018-09-17 04:36:19,2018-09-17 04:50:19,5,4
jack_rabbit_slims,2017-11-04 10:24:17,2017-11-04 10:52:17,6,8
la_ratatouille,2017-12-18 06:52:09,2017-12-18 07:12:09,4,7
jack_rabbit_slims,2017-11-30 16:40:25,2017-11-30 17:20:25,8,10
jack_rabbit_slims,2016-12-12 02:53:14,2016-12-12 03:02:14,5,2
la_ratatouille,2017-10-06 20:18:53,2017-10-06 20:27:53,5,2
jack_rabbit_slims,2018-12-07 16:45:23,2018-12-07 17:21:23,7,10
la_ratatouille,2018-02-04 08:00:32,2018-02-04 08:27:32,6,5
la_ratatouille,2017-08-19 09:22:15,2017-08-19 09:25:15,6,1
la_ratatouille,2017-11-15 08:23:57,2017-11-15 08:57:57,7,10
la_ratatouille,2018-04-17 19:11:31,2018-04-17 19:48:31,8,7
la_ratatouille,2018-07-09 02:48:28,2018-07-09 03:07:28,9,3
jack_rabbit_slims,2017-06-19 09:15:36,2017-06-19 09:23:36,8,3
la_ratatouille,2017-08-10 01:31:15,2017-08-10 01:32:15,4,1
la_ratatouille,2018-03-30 05:28:35,2018-03-30 05:53:35,10,7
jack_rabbit_slims,2018-11-14 12:32:37,2018-11-14 12:48:37,3,4
jack_rabbit_slims,2017-10-15 21:36:00,2017-10-15 21:44:00,8,3
la_ratatouille,2017-08-02 14:25:51,2017-08-02 14:36:51,5,3
jack_rabbit_slims,2017-12-08 18:53:09,2017-12-08 19:36:09,8,9
la_ratatouille,2017-05-02 17:58:38,2017-05-02 18:32:38,10,8
la_ratatouille,2017-08-29 08:30:23,2017-08-29 08:36:23,3,2
la_ratatouille,2017-08-16 18:42:14,2017-08-16 19:12:14,10,7
la_ratatouille,2018-10-06 04:45:09,2018-10-06 04:57:09,5,4
jack_rabbit_slims,2017-07-31 04:52:08,2017-07-31 05:23:08,6,6
jack_rabbit_slims,2017-12-02 00:03:51,2017-12-02 00:23:51,5,4
la_ratatouille,2018-06-12 22:31:35,2018-06-12 22:40:35,10,3
jack_rabbit_slims,2017-03-30 14:26:08,2017-03-30 14:49:08,4,6
la_ratatouille,2018-08-09 14:47:03,2018-08-09 14:56:03,10,1
la_ratatouille,2017-01-26 18:00:58,2017-01-26 18:07:58,9,1
jack_rabbit_slims,2017-07-25 04:19:09,2017-07-25 04:48:09,2,5
jack_rabbit_slims,2017-04-14 15:46:53,2017-04-14 15:55:53,4,1
jack_rabbit_slims,2018-09-05 08:41:34,2018-09-05 09:14:34,2,7
jack_rabbit_slims,2018-11-07 06:53:53,2018-11-07 07:20:53,10,9
jack_rabbit_slims,2017-01-23 23:04:21,2017-01-23 23:33:21,4,5
la_ratatouille,2018-05-14 13:13:48,2018-05-14 13:35:48,8,7
jack_rabbit_slims,2017-02-25 23:44:05,2017-02-26 00:06:05,5,5
la_ratatouille,2018-11-30 18:27:30,2018-11-30 18:46:30,2,6
jack_rabbit_slims,2018-10-16 17:40:48,2018-10-16 18:08:48,6,8
la_ratatouille,2017-08-04 16:46:28,2017-08-04 16:49:28,9,2
la_ratatouille,2018-02-08 06:35:23,2018-02-08 06:42:23,10,1
la_ratatouille,2017-06-02 05:06:38,2017-06-02 05:20:38,9,3
jack_rabbit_slims,2017-02-19 07:04:12,2017-02-19 07:30:12,2,7
jack_rabbit_slims,2018-06-23 21:18:02,2018-06-23 21:43:02,8,7
la_ratatouille,2017-12-11 02:17:25,2017-12-11 03:03:25,10,10
la_ratatouille,2017-04-30 23:47:27,2017-05-01 00:04:27,4,3
la_ratatouille,2017-05-28 16:42:24,2017-05-28 17:15:24,6,6
la_ratatouille,2017-12-06 20:16:45,2017-12-06 20:51:45,9,7
jack_rabbit_slims,2018-04-01 19:51:02,2018-04-01 20:14:02,6,4
jack_rabbit_slims,2018-06-24 06:58:56,2018-06-24 07:31:56,6,7
jack_rabbit_slims,2018-11-10 01:46:18,2018-11-10 02:24:18,4,9
jack_rabbit_slims,2017-11-21 11:16:21,2017-11-21 11:50:21,2,10
jack_rabbit_slims,2017-07-20 12:13:39,2017-07-20 12:35:39,8,5
jack_rabbit_slims,2017-03-23 16:10:03,2017-03-23 16:37:03,2,9
jack_rabbit_slims,2018-02-28 21:50:35,2018-02-28 22:03:35,10,2
jack_rabbit_slims,2018-04-21 06:37:28,2018-04-21 07:10:28,9,8
jack_rabbit_slims,2017-09-30 12:38:31,2017-09-30 13:00:31,9,7
la_ratatouille,2017-06-25 10:17:21,2017-06-25 10:46:21,10,8
la_ratatouille,2017-07-10 13:40:44,2017-07-10 13:48:44,1,3
jack_rabbit_slims,2017-08-04 10:20:31,2017-08-04 10:23:31,1,1
jack_rabbit_slims,2018-06-10 02:39:41,2018-06-10 02:58:41,4,5
la_ratatouille,2017-11-20 00:51:12,2017-11-20 01:04:12,1,4
la_ratatouille,2017-07-01 06:35:51,2017-07-01 06:54:51,3,5
jack_rabbit_slims,2016-12-15 03:31:24,2016-12-15 04:01:24,1,9
la_ratatouille,2018-01-31 09:41:16,2018-01-31 09:52:16,4,3
la_ratatouille,2018-05-26 17:22:16,2018-05-26 17:29:16,6,2
jack_rabbit_slims,2017-10-26 12:24:43,2017-10-26 12:57:43,4,7
jack_rabbit_slims,2017-03-01 04:29:58,2017-03-01 04:32:58,3,1
la_ratatouille,2017-05-15 07:11:56,2017-05-15 07:34:56,3,4
la_ratatouille,2017-03-15 18:04:13,2017-03-15 18:52:13,1,10
la_ratatouille,2017-12-24 12:40:13,2017-12-24 13:02:13,7,4
la_ratatouille,2017-03-24 07:21:00,2017-03-24 07:55:00,7,8
jack_rabbit_slims,2017-08-29 01:21:02,2017-08-29 01:40:02,3,4
la_ratatouille,2017-04-26 10:21:10,2017-04-26 10:31:10,7,3
jack_rabbit_slims,2017-07-31 18:00:39,2017-07-31 18:01:39,3,1
la_ratatouille,2018-01-22 15:53:23,2018-01-22 15:59:23,2,2
jack_rabbit_slims,2016-12-15 00:34:59,2016-12-15 01:13:59,3,10
jack_rabbit_slims,2017-04-03 21:08:44,2017-04-03 21:23:44,7,4
la_ratatouille,2016-12-16 21:45:25,2016-12-16 22:17:25,10,7
jack_rabbit_slims,2017-07-05 02:10:58,2017-07-05 02:31:58,10,4
la_ratatouille,2017-07-13 16:59:16,2017-07-13 17:23:16,2,7
la_ratatouille,2018-07-30 13:38:04,2018-07-30 13:59:04,4,7
la_ratatouille,2018-09-15 04:37:22,2018-09-15 05:10:22,4,6
jack_rabbit_slims,2018-09-10 23:28:01,2018-09-11 00:02:01,8,7
la_ratatouille,2018-08-27 20:48:01,2018-08-27 21:07:01,9,4
la_ratatouille,2018-09-28 05:20:45,2018-09-28 05:31:45,1,3
la_ratatouille,2017-12-13 19:58:13,2017-12-13 20:30:13,1,6
la_ratatouille,2017-04-27 17:03:51,2017-04-27 17:28:51,5,6
la_ratatouille,2018-09-25 16:02:28,2018-09-25 16:26:28,6,4
jack_rabbit_slims,2018-01-31 22:30:47,2018-01-31 22:53:47,1,4
la_ratatouille,2017-05-20 14:30:15,2017-05-20 15:03:15,1,10
la_ratatouille,2017-10-18 16:52:33,2017-10-18 17:19:33,6,6
la_ratatouille,2017-01-19 17:12:48,2017-01-19 17:27:48,6,3
la_ratatouille,2017-09-24 07:56:38,2017-09-24 08:27:38,10,9
la_ratatouille,2017-06-01 19:59:56,2017-06-01 20:26:56,9,5
la_ratatouille,2016-12-28 12:40:26,2016-12-28 13:15:26,6,9
jack_rabbit_slims,2018-11-21 02:48:59,2018-11-21 03:36:59,2,10
jack_rabbit_slims,2017-04-13 15:25:36,2017-04-13 15:45:36,2,7
jack_rabbit_slims,2018-02-01 08:05:24,2018-02-01 08:34:24,6,8
la_ratatouille,2018-10-14 04:05:20,2018-10-14 04:19:20,2,4
la_ratatouille,2018-03-17 16:23:36,2018-03-17 16:27:36,5,1
la_ratatouille,2017-12-01 08:57:43,2017-12-01 09:21:43,7,8
la_ratatouille,2018-04-26 04:54:35,2018-04-26 05:33:35,6,8
la_ratatouille,2017-11-01 23:51:32,2017-11-02 00:32:32,6,10
jack_rabbit_slims,2018-08-15 23:43:35,2018-08-15 23:44:35,3,1
jack_rabbit_slims,2017-09-10 16:05:49,2017-09-10 16:33:49,2,6
jack_rabbit_slims,2018-04-09 08:52:37,2018-04-09 09:23:37,4,9
la_ratatouille,2017-05-18 12:55:35,2017-05-18 13:24:35,3,7
la_ratatouille,2018-03-28 05:40:08,2018-03-28 06:10:08,10,6
jack_rabbit_slims,2017-08-22 04:10:34,2017-08-22 04:13:34,2,1
la_ratatouille,2018-11-11 12:49:17,2018-11-11 13:01:17,2,2
la_ratatouille,2018-09-23 20:33:30,2018-09-23 20:45:30,6,3
la_ratatouille,2017-02-14 19:31:30,2017-02-14 20:09:30,3,8
la_ratatouille,2017-07-01 09:02:41,2017-07-01 09:37:41,9,10
la_ratatouille,2017-08-15 07:07:45,2017-08-15 07:31:45,2,5
la_ratatouille,2017-11-08 06:30:23,2017-11-08 06:41:23,6,3
jack_rabbit_slims,2017-02-27 00:28:08,2017-02-27 00:51:08,1,8
la_ratatouille,2017-04-07 11:48:30,2017-04-07 12:17:30,9,9
la_ratatouille,2017-06-06 15:18:15,2017-06-06 15:37:15,3,3
la_ratatouille,2018-04-15 07:40:58,2018-04-15 08:00:58,8,5
jack_rabbit_slims,2018-09-23 13:16:38,2018-09-23 13:26:38,1,3
jack_rabbit_slims,2017-02-23 13:14:09,2017-02-23 13:29:09,3,3
jack_rabbit_slims,2017-03-24 08:59:54,2017-03-24 09:14:54,10,4
jack_rabbit_slims,2018-07-06 22:31:49,2018-07-06 22:59:49,2,5
la_ratatouille,2018-03-10 02:07:29,2018-03-10 02:55:29,5,10
jack_rabbit_slims,2018-09-13 03:29:35,2018-09-13 04:09:35,9,9
jack_rabbit_slims,2017-01-08 05:09:34,2017-01-08 05:44:34,4,10
la_ratatouille,2018-02-27 05:54:12,2018-02-27 06:21:12,1,8
la_ratatouille,2018-08-04 16:51:32,2018-08-04 17:05:32,10,3
jack_rabbit_slims,2018-08-11 15:19:47,2018-08-11 15:23:47,5,2
jack_rabbit_slims,2018-06-26 11:12:19,2018-06-26 11:29:19,5,5
jack_rabbit_slims,2018-07-23 12:27:33,2018-07-23 12:42:33,2,4
jack_rabbit_slims,2018-09-11 12:42:27,2018-09-11 13:09:27,1,7
la_ratatouille,2018-03-18 08:11:50,2018-03-18 08:16:50,8,1
jack_rabbit_slims,2017-06-28 19:28:50,2017-06-28 19:55:50,1,5
la_ratatouille,2017-07-27 15:55:07,2017-07-27 16:28:07,9,10
la_ratatouille,2017-06-13 09:30:01,2017-06-13 09:38:01,6,3
la_ratatouille,2018-12-03 04:49:29,2018-12-03 05:10:29,5,5
la_ratatouille,2018-09-10 12:35:49,2018-09-10 12:58:49,4,5
la_ratatouille,2017-03-29 08:00:47,2017-03-29 08:28:47,7,6
jack_rabbit_slims,2018-04-26 23:52:43,2018-04-26 23:55:43,8,1
jack_rabbit_slims,2017-09-12 08:52:34,2017-09-12 09:19:34,5,6
jack_rabbit_slims,2018-06-04 09:08:57,2018-06-04 09:34:57,1,6
jack_rabbit_slims,2017-10-15 22:46:19,2017-10-15 22:59:19,5,2
jack_rabbit_slims,2018-07-22 23:44:59,2018-07-22 23:57:59,7,3
la_ratatouille,2018-02-21 10:51:12,2018-02-21 11:35:12,3,9
la_ratatouille,2017-01-20 02:57:33,2017-01-20 03:32:33,2,7
la_ratatouille,2016-12-28 16:45:12,2016-12-28 17:13:12,7,6
la_ratatouille,2018-04-18 11:24:24,2018-04-18 11:35:24,9,3
la_ratatouille,2016-12-13 21:12:51,2016-12-13 21:27:51,7,5
la_ratatouille,2017-11-15 22:53:42,2017-11-15 23:17:42,9,5
la_ratatouille,2018-03-18 21:42:05,2018-03-18 22:24:05,6,9
la_ratatouille,2018-02-09 10:43:21,2018-02-09 11:02:21,6,4
jack_rabbit_slims,2017-02-28 14:28:35,2017-02-28 14:32:35,6,1
jack_rabbit_slims,2018-01-16 16:59:30,2018-01-16 17:43:30,10,10
la_ratatouille,2018-04-25 09:33:31,2018-04-25 09:56:31,2,7
jack_rabbit_slims,2018-09-06 15:51:29,2018-09-06 16:08:29,4,5
jack_rabbit_slims,2017-09-29 20:23:23,2017-09-29 21:02:23,8,8
jack_rabbit_slims,2018-10-11 23:31:35,2018-10-11 23:47:35,2,3
jack_rabbit_slims,2017-09-05 07:27:14,2017-09-05 07:48:14,9,5
la_ratatouille,2018-09-07 10:06:55,2018-09-07 10:35:55,5,6
jack_rabbit_slims,2017-08-27 10:54:14,2017-08-27 11:12:14,4,6
la_ratatouille,2017-06-17 04:13:30,2017-06-17 04:44:30,2,8
la_ratatouille,2018-10-20 21:30:40,2018-10-20 21:34:40,5,2
la_ratatouille,2018-08-11 20:35:09,2018-08-11 20:52:09,4,4
la_ratatouille,2017-04-22 21:15:22,2017-04-22 21:49:22,2,7
jack_rabbit_slims,2018-05-27 06:31:27,2018-05-27 07:01:27,1,6
la_ratatouille,2018-10-12 21:26:15,2018-10-12 21:39:15,5,3
la_ratatouille,2018-10-01 04:04:02,2018-10-01 04:31:02,4,8
jack_rabbit_slims,2018-04-26 00:59:27,2018-04-26 01:11:27,3,3
jack_rabbit_slims,2017-06-19 19:07:18,2017-06-19 19:41:18,4,9
la_ratatouille,2018-10-12 10:17:15,2018-10-12 10:24:15,5,1
la_ratatouille,2017-03-17 07:38:45,2017-03-17 08:05:45,8,8
jack_rabbit_slims,2017-04-21 17:45:18,2017-04-21 17:54:18,8,3
la_ratatouille,2017-12-04 05:42:38,2017-12-04 05:50:38,6,2
jack_rabbit_slims,2018-04-22 17:14:08,2018-04-22 17:47:08,10,8
jack_rabbit_slims,2018-02-24 19:34:26,2018-02-24 19:54:26,10,7
jack_rabbit_slims,2018-08-20 15:35:07,2018-08-20 15:36:07,10,1
jack_rabbit_slims,2018-08-08 13:52:10,2018-08-08 14:30:10,3,8
jack_rabbit_slims,2018-03-15 14:53:54,2018-03-15 15:18:54,9,8
la_ratatouille,2017-05-30 03:56:33,2017-05-30 04:14:33,6,3
la_ratatouille,2018-10-04 21:40:42,2018-10-04 22:23:42,5,10
la_ratatouille,2017-06-15 23:50:40,2017-06-16 00:04:40,6,4
la_ratatouille,2017-08-24 16:53:45,2017-08-24 17:25:45,5,8
jack_rabbit_slims,2017-01-21 16:46:53,2017-01-21 16:52:53,8,1
la_ratatouille,2017-06-10 03:57:26,2017-06-10 04:18:26,6,7
jack_rabbit_slims,2017-09-22 06:32:58,2017-09-22 07:19:58,5,10
jack_rabbit_slims,2017-07-22 06:30:12,2017-07-22 06:56:12,6,5
la_ratatouille,2018-01-27 12:55:15,2018-01-27 13:21:15,4,7
jack_rabbit_slims,2017-11-15 18:49:25,2017-11-15 19:16:25,7,7
jack_rabbit_slims,2017-07-16 13:33:24,2017-07-16 13:52:24,9,3
la_ratatouille,2017-01-04 03:06:57,2017-01-04 03:22:57,9,4
jack_rabbit_slims,2018-06-16 23:00:15,2018-06-16 23:23:15,4,5
jack_rabbit_slims,2018-01-14 16:02:41,2018-01-14 16:12:41,2,3
la_ratatouille,2018-04-23 05:54:07,2018-04-23 06:20:07,10,8
jack_rabbit_slims,2018-02-27 01:32:17,2018-02-27 02:08:17,9,10
jack_rabbit_slims,2018-07-18 23:17:34,2018-07-19 00:06:34,7,10
jack_rabbit_slims,2017-10-09 15:23:28,2017-10-09 15:41:28,7,6
jack_rabbit_slims,2018-04-02 00:26:52,2018-04-02 00:31:52,5,1
jack_rabbit_slims,2017-07-25 15:51:44,2017-07-25 15:54:44,1,1
jack_rabbit_slims,2018-12-06 11:04:23,2018-12-06 11:11:23,7,1
jack_rabbit_slims,2017-11-17 17:40:31,2017-11-17 18:19:31,1,10
la_ratatouille,2017-02-08 15:45:40,2017-02-08 16:10:40,3,5
jack_rabbit_slims,2017-05-12 00:26:01,2017-05-12 00:35:01,7,2
jack_rabbit_slims,2018-03-03 09:37:43,2018-03-03 09:50:43,6,4
jack_rabbit_slims,2018-10-23 22:35:53,2018-10-23 23:01:53,8,5
la_ratatouille,2018-04-01 22:37:08,2018-04-01 22:56:08,9,5
jack_rabbit_slims,2018-07-26 06:07:08,2018-07-26 06:16:08,2,1
la_ratatouille,2017-02-16 06:51:43,2017-02-16 06:56:43,7,2
la_ratatouille,2018-08-25 02:20:58,2018-08-25 02:25:58,10,1
jack_rabbit_slims,2017-01-04 23:48:41,2017-01-05 00:05:41,9,3
jack_rabbit_slims,2018-08-12 22:18:58,2018-08-12 22:49:58,8,6
la_ratatouille,2018-08-02 19:12:56,2018-08-02 19:38:56,3,7
la_ratatouille,2017-01-10 12:53:04,2017-01-10 13:26:04,9,7
la_ratatouille,2017-08-12 21:29:08,2017-08-12 21:45:08,6,4
jack_rabbit_slims,2018-10-02 03:37:12,2018-10-02 04:00:12,4,4
jack_rabbit_slims,2018-11-19 08:43:05,2018-11-19 09:26:05,4,9
la_ratatouille,2017-03-04 03:06:34,2017-03-04 03:38:34,9,9
la_ratatouille,2018-03-14 06:19:37,2018-03-14 06:38:37,6,4
la_ratatouille,2018-03-06 09:17:00,2018-03-06 09:49:00,10,8
la_ratatouille,2017-06-04 03:17:21,2017-06-04 03:54:21,7,7
la_ratatouille,2017-03-15 15:52:44,2017-03-15 16:14:44,1,4
la_ratatouille,2017-07-19 11:21:34,2017-07-19 12:03:34,3,9
jack_rabbit_slims,2017-09-24 19:50:53,2017-09-24 20:17:53,3,8
jack_rabbit_slims,2017-12-15 13:45:44,2017-12-15 14:01:44,2,3
la_ratatouille,2017-04-17 05:04:03,2017-04-17 05:30:03,7,6
jack_rabbit_slims,2017-09-17 11:19:51,2017-09-17 11:34:51,10,5
la_ratatouille,2018-09-14 02:28:44,2018-09-14 03:03:44,3,7
la_ratatouille,2018-10-06 02:51:56,2018-10-06 03:19:56,6,9
la_ratatouille,2017-10-29 07:36:56,2017-10-29 08:07:56,9,10
jack_rabbit_slims,2017-01-04 09:33:23,2017-01-04 09:52:23,3,4
jack_rabbit_slims,2018-10-16 12:28:33,2018-10-16 12:35:33,1,1
la_ratatouille,2018-10-24 16:32:40,2018-10-24 17:01:40,3,7
la_ratatouille,2017-10-12 21:47:00,2017-10-12 22:33:00,10,10
jack_rabbit_slims,2018-06-18 11:05:34,2018-06-18 11:08:34,5,2
jack_rabbit_slims,2017-11-26 01:46:24,2017-11-26 02:05:24,7,4
jack_rabbit_slims,2017-08-10 08:05:41,2017-08-10 08:32:41,4,7
jack_rabbit_slims,2018-03-14 17:06:06,2018-03-14 17:36:06,1,6
la_ratatouille,2018-10-28 12:03:41,2018-10-28 12:23:41,4,6
jack_rabbit_slims,2017-10-20 23:52:17,2017-10-21 00:06:17,8,2
la_ratatouille,2018-02-08 23:02:47,2018-02-08 23:38:47,9,8
jack_rabbit_slims,2017-05-18 15:57:50,2017-05-18 16:26:50,8,5
jack_rabbit_slims,2017-05-05 02:40:48,2017-05-05 03:00:48,4,6
jack_rabbit_slims,2017-04-09 07:10:06,2017-04-09 07:13:06,3,2
jack_rabbit_slims,2018-10-13 10:16:39,2018-10-13 10:29:39,3,3
la_ratatouille,2018-08-23 13:57:31,2018-08-23 14:03:31,1,1
la_ratatouille,2017-04-12 03:16:50,2017-04-12 03:25:50,4,1
la_ratatouille,2017-02-02 23:58:58,2017-02-03 00:34:58,1,7
la_ratatouille,2018-08-01 01:36:30,2018-08-01 01:36:30,2,1
jack_rabbit_slims,2018-02-02 15:27:09,2018-02-02 15:50:09,6,4
la_ratatouille,2018-07-17 16:36:27,2018-07-17 17:08:27,3,8
la_ratatouille,2018-06-03 12:45:40,2018-06-03 13:23:40,4,8
jack_rabbit_slims,2018-01-26 01:54:19,2018-01-26 02:00:19,8,2
jack_rabbit_slims,2018-11-21 11:42:33,2018-11-21 12:13:33,5,6
jack_rabbit_slims,2016-12-21 06:47:16,2016-12-21 07:06:16,4,6
jack_rabbit_slims,2016-12-19 14:50:41,2016-12-19 15:00:41,4,3
la_ratatouille,2017-06-21 11:36:48,2017-06-21 11:48:48,2,4
jack_rabbit_slims,2018-11-18 11:23:14,2018-11-18 12:00:14,7,7
la_ratatouille,2017-07-29 23:08:32,2017-07-29 23:18:32,4,3
jack_rabbit_slims,2018-05-07 10:02:19,2018-05-07 10:12:19,7,3
la_ratatouille,2017-09-12 02:52:23,2017-09-12 03:20:23,1,5
la_ratatouille,2017-09-13 23:45:47,2017-09-14 00:04:47,6,3
jack_rabbit_slims,2017-04-23 03:24:52,2017-04-23 03:41:52,6,5
la_ratatouille,2018-01-07 18:15:34,2018-01-07 18:39:34,4,5
la_ratatouille,2017-09-18 08:26:32,2017-09-18 08:58:32,1,9
jack_rabbit_slims,2017-01-26 18:00:07,2017-01-26 18:25:07,7,6
jack_rabbit_slims,2018-10-12 13:09:23,2018-10-12 13:35:23,1,6
jack_rabbit_slims,2018-08-20 14:06:08,2018-08-20 14:07:08,2,1
la_ratatouille,2017-02-04 04:12:25,2017-02-04 04:30:25,8,5
jack_rabbit_slims,2017-01-30 19:21:18,2017-01-30 20:09:18,2,10
jack_rabbit_slims,2017-11-16 08:56:01,2017-11-16 09:05:01,1,1
jack_rabbit_slims,2017-11-18 01:31:08,2017-11-18 02:09:08,4,8
jack_rabbit_slims,2018-07-08 09:52:19,2018-07-08 10:14:19,1,6
jack_rabbit_slims,2017-03-27 19:12:21,2017-03-27 19:48:21,6,10
la_ratatouille,2017-06-28 12:11:00,2017-06-28 12:38:00,10,7
la_ratatouille,2017-03-18 19:53:46,2017-03-18 20:09:46,2,5
la_ratatouille,2018-05-21 15:09:09,2018-05-21 15:35:09,9,8
jack_rabbit_slims,2017-09-12 11:49:09,2017-09-12 12:13:09,3,5
la_ratatouille,2018-09-14 20:32:31,2018-09-14 20:40:31,9,3
jack_rabbit_slims,2017-03-29 10:46:09,2017-03-29 10:50:09,10,1
jack_rabbit_slims,2017-03-09 20:50:47,2017-03-09 21:23:47,10,10
la_ratatouille,2017-03-13 02:16:02,2017-03-13 02:46:02,1,7
jack_rabbit_slims,2017-02-12 13:35:46,2017-02-12 14:24:46,10,10
la_ratatouille,2017-07-01 09:22:13,2017-07-01 09:34:13,3,3
jack_rabbit_slims,2017-07-21 00:07:01,2017-07-21 00:50:01,5,10
la_ratatouille,2018-12-05 07:15:22,2018-12-05 07:55:22,7,9
jack_rabbit_slims,2018-11-29 12:38:27,2018-11-29 12:46:27,10,2
jack_rabbit_slims,2017-11-06 20:26:07,2017-11-06 20:46:07,10,6
jack_rabbit_slims,2017-06-02 19:30:48,2017-06-02 19:45:48,5,3
la_ratatouille,2017-05-11 00:46:09,2017-05-11 01:17:09,3,7
jack_rabbit_slims,2017-01-30 05:01:00,2017-01-30 05:38:00,8,8
jack_rabbit_slims,2017-12-13 17:45:37,2017-12-13 18:14:37,9,7
jack_rabbit_slims,2018-03-04 10:43:36,2018-03-04 10:54:36,7,3
jack_rabbit_slims,2018-06-14 04:31:15,2018-06-14 05:03:15,5,9
la_ratatouille,2017-09-13 11:20:16,2017-09-13 11:20:16,8,1
jack_rabbit_slims,2018-01-07 17:22:55,2018-01-07 17:42:55,6,4
la_ratatouille,2017-06-07 21:36:11,2017-06-07 21:59:11,2,7
la_ratatouille,2018-01-22 03:48:07,2018-01-22 04:24:07,6,10
la_ratatouille,2018-03-18 14:26:49,2018-03-18 14:54:49,2,6
jack_rabbit_slims,2017-03-04 11:00:23,2017-03-04 11:28:23,3,7
jack_rabbit_slims,2018-01-09 04:41:18,2018-01-09 05:02:18,8,4
la_ratatouille,2016-12-15 09:30:15,2016-12-15 09:39:15,5,2
jack_rabbit_slims,2017-07-20 12:16:30,2017-07-20 12:19:30,9,1
jack_rabbit_slims,2017-04-08 23:00:22,2017-04-08 23:23:22,1,5
jack_rabbit_slims,2018-04-16 23:21:14,2018-04-16 23:31:14,10,3
la_ratatouille,2018-08-06 20:22:53,2018-08-06 20:48:53,8,9
la_ratatouille,2018-01-25 21:37:13,2018-01-25 21:43:13,9,1
jack_rabbit_slims,2016-12-30 04:12:37,2016-12-30 04:27:37,5,5
la_ratatouille,2017-09-14 01:36:53,2017-09-14 01:36:53,3,1
la_ratatouille,2018-10-21 20:35:40,2018-10-21 21:00:40,1,5
la_ratatouille,2018-07-29 14:47:47,2018-07-29 15:08:47,7,5
la_ratatouille,2018-01-26 03:22:23,2018-01-26 04:11:23,8,10
la_ratatouille,2018-07-06 01:12:33,2018-07-06 01:54:33,4,10
la_ratatouille,2018-03-24 20:19:09,2018-03-24 20:20:09,5,1
jack_rabbit_slims,2018-06-17 01:32:00,2018-06-17 02:08:00,4,9
la_ratatouille,2018-06-12 16:28:33,2018-06-12 16:45:33,7,4
jack_rabbit_slims,2017-05-14 03:49:56,2017-05-14 04:35:56,3,10
jack_rabbit_slims,2017-06-14 19:29:23,2017-06-14 19:32:23,5,1
la_ratatouille,2018-06-03 10:08:03,2018-06-03 10:12:03,10,2
la_ratatouille,2018-10-08 03:28:30,2018-10-08 03:47:30,8,6
la_ratatouille,2017-05-07 21:57:07,2017-05-07 22:33:07,7,8
jack_rabbit_slims,2018-05-03 16:28:00,2018-05-03 16:51:00,5,4
la_ratatouille,2017-01-27 09:59:03,2017-01-27 10:28:03,5,7
la_ratatouille,2017-12-03 12:02:14,2017-12-03 12:31:14,1,5
la_ratatouille,2017-05-05 06:40:57,2017-05-05 07:06:57,9,5
jack_rabbit_slims,2017-11-29 19:44:38,2017-11-29 19:52:38,7,2
jack_rabbit_slims,2017-04-14 21:46:06,2017-04-14 22:28:06,2,10
jack_rabbit_slims,2018-04-12 01:21:17,2018-04-12 01:24:17,5,1
la_ratatouille,2017-01-19 02:15:40,2017-01-19 02:54:40,10,10
la_ratatouille,2018-09-19 07:21:23,2018-09-19 07:58:23,8,10
la_ratatouille,2018-09-07 04:18:26,2018-09-07 04:38:26,6,5
jack_rabbit_slims,2017-06-29 05:55:15,2017-06-29 06:38:15,10,10
jack_rabbit_slims,2017-02-04 16:51:51,2017-02-04 17:09:51,3,5
jack_rabbit_slims,2017-09-11 12:02:39,2017-09-11 12:51:39,8,10
la_ratatouille,2018-02-22 11:13:35,2018-02-22 11:16:35,9,2
la_ratatouille,2017-08-20 12:42:01,2017-08-20 12:51:01,1,2
la_ratatouille,2018-10-14 02:24:04,2018-10-14 02:55:04,6,7
jack_rabbit_slims,2017-06-18 17:29:02,2017-06-18 18:01:02,9,10
jack_rabbit_slims,2018-02-09 00:04:39,2018-02-09 00:28:39,10,4
jack_rabbit_slims,2017-11-03 01:40:50,2017-11-03 01:57:50,9,4
la_ratatouille,2018-01-28 05:44:37,2018-01-28 06:02:37,7,4
jack_rabbit_slims,2018-04-17 10:53:19,2018-04-17 11:21:19,5,6
jack_rabbit_slims,2017-06-03 09:51:48,2017-06-03 09:54:48,6,1
jack_rabbit_slims,2017-11-07 19:35:24,2017-11-07 19:42:24,1,1
jack_rabbit_slims,2017-05-28 00:21:30,2017-05-28 00:45:30,7,4
la_ratatouille,2016-12-12 07:20:15,2016-12-12 07:49:15,5,8
jack_rabbit_slims,2017-01-03 03:10:06,2017-01-03 03:39:06,6,5
jack_rabbit_slims,2018-07-28 14:41:06,2018-07-28 15:22:06,4,9
jack_rabbit_slims,2017-04-21 02:30:51,2017-04-21 02:57:51,5,7
jack_rabbit_slims,2017-01-02 14:18:16,2017-01-02 14:51:16,7,6
la_ratatouille,2017-01-13 15:13:56,2017-01-13 15:40:56,7,5
jack_rabbit_slims,2017-04-04 14:33:12,2017-04-04 15:00:12,1,8
la_ratatouille,2017-01-29 16:18:04,2017-01-29 16:38:04,5,7
jack_rabbit_slims,2017-03-27 21:16:09,2017-03-27 21:28:09,2,2
la_ratatouille,2017-07-03 13:20:04,2017-07-03 13:21:04,4,1
la_ratatouille,2018-04-22 22:02:31,2018-04-22 22:33:31,8,6
la_ratatouille,2018-06-11 23:42:13,2018-06-11 23:59:13,8,3
la_ratatouille,2017-01-07 20:42:47,2017-01-07 21:11:47,4,7
la_ratatouille,2018-04-07 21:10:03,2018-04-07 21:19:03,7,2
jack_rabbit_slims,2018-11-20 05:47:57,2018-11-20 06:30:57,10,10
jack_rabbit_slims,2018-05-16 08:37:10,2018-05-16 08:42:10,7,2
la_ratatouille,2016-12-20 21:01:36,2016-12-20 21:29:36,3,5
jack_rabbit_slims,2018-05-04 07:31:09,2018-05-04 07:41:09,1,2
jack_rabbit_slims,2018-11-13 16:02:21,2018-11-13 16:35:21,7,10
jack_rabbit_slims,2018-06-17 15:59:45,2018-06-17 16:26:45,4,6
jack_rabbit_slims,2016-12-10 19:52:16,2016-12-10 20:31:16,9,10
la_ratatouille,2017-05-06 22:43:15,2017-05-06 23:10:15,7,8
jack_rabbit_slims,2017-10-10 09:13:24,2017-10-10 09:33:24,4,4
la_ratatouille,2018-10-15 10:13:33,2018-10-15 10:49:33,4,7
la_ratatouille,2017-07-23 17:02:51,2017-07-23 17:27:51,7,6
la_ratatouille,2017-06-14 15:19:17,2017-06-14 15:48:17,3,5
la_ratatouille,2018-10-12 05:34:56,2018-10-12 06:01:56,8,8
la_ratatouille,2017-09-16 03:15:46,2017-09-16 03:45:46,1,7
jack_rabbit_slims,2018-09-26 07:16:55,2018-09-26 07:46:55,9,7
jack_rabbit_slims,2018-06-18 04:11:46,2018-06-18 04:55:46,2,9
jack_rabbit_slims,2017-09-12 16:16:44,2017-09-12 16:42:44,2,9
la_ratatouille,2018-08-25 19:51:30,2018-08-25 20:03:30,2,3
la_ratatouille,2018-02-26 04:40:26,2018-02-26 05:16:26,2,8
jack_rabbit_slims,2018-02-19 09:25:36,2018-02-19 10:06:36,8,10
jack_rabbit_slims,2018-08-13 00:38:46,2018-08-13 00:50:46,5,4
la_ratatouille,2018-09-18 17:16:49,2018-09-18 17:43:49,1,8
jack_rabbit_slims,2017-06-28 02:25:51,2017-06-28 02:33:51,10,1
jack_rabbit_slims,2018-02-11 00:31:42,2018-02-11 00:39:42,1,2
jack_rabbit_slims,2018-09-28 18:17:35,2018-09-28 18:46:35,2,6
jack_rabbit_slims,2017-01-03 06:00:09,2017-01-03 06:10:09,5,3
jack_rabbit_slims,2018-06-03 05:45:55,2018-06-03 06:13:55,1,8
la_ratatouille,2018-08-28 17:40:59,2018-08-28 18:03:59,1,8
la_ratatouille,2017-04-17 15:41:55,2017-04-17 16:12:55,8,10
la_ratatouille,2018-08-25 17:25:57,2018-08-25 17:56:57,6,6
jack_rabbit_slims,2017-03-21 22:54:04,2017-03-21 23:27:04,3,10
la_ratatouille,2017-02-17 08:37:07,2017-02-17 09:06:07,5,5
la_ratatouille,2017-08-25 12:34:01,2017-08-25 12:53:01,5,4
la_ratatouille,2018-05-30 11:04:56,2018-05-30 11:24:56,6,4
jack_rabbit_slims,2017-06-15 12:35:53,2017-06-15 13:10:53,8,9
la_ratatouille,2018-09-27 01:43:20,2018-09-27 02:21:20,6,9
jack_rabbit_slims,2018-09-10 23:15:52,2018-09-10 23:40:52,4,7
la_ratatouille,2017-12-25 13:47:17,2017-12-25 14:08:17,1,4
la_ratatouille,2018-04-09 23:10:34,2018-04-09 23:19:34,4,1
la_ratatouille,2018-05-01 11:54:46,2018-05-01 12:33:46,1,8
jack_rabbit_slims,2017-10-25 06:55:59,2017-10-25 06:55:59,10,1
la_ratatouille,2017-05-12 20:02:31,2017-05-12 20:19:31,2,4
jack_rabbit_slims,2017-07-14 11:20:41,2017-07-14 11:46:41,8,8
la_ratatouille,2016-12-22 07:31:22,2016-12-22 07:59:22,8,6
la_ratatouille,2018-11-11 03:18:43,2018-11-11 03:21:43,1,1
jack_rabbit_slims,2018-07-17 11:49:35,2018-07-17 12:06:35,10,4
jack_rabbit_slims,2018-10-30 12:48:11,2018-10-30 13:08:11,9,6
la_ratatouille,2018-06-12 10:31:39,2018-06-12 11:04:39,1,6
jack_rabbit_slims,2017-04-18 02:23:05,2017-04-18 02:33:05,5,2
la_ratatouille,2018-08-22 15:44:11,2018-08-22 15:58:11,9,4
jack_rabbit_slims,2017-08-26 18:35:08,2017-08-26 18:55:08,2,5
la_ratatouille,2017-07-24 19:48:59,2017-07-24 20:02:59,2,4
la_ratatouille,2018-02-08 15:14:38,2018-02-08 15:26:38,10,4
jack_rabbit_slims,2017-10-06 03:37:20,2017-10-06 04:17:20,2,10
la_ratatouille,2018-09-11 11:39:47,2018-09-11 11:58:47,8,3
la_ratatouille,2017-04-08 10:13:46,2017-04-08 10:32:46,10,3
jack_rabbit_slims,2017-12-22 08:59:02,2017-12-22 09:16:02,4,4
jack_rabbit_slims,2018-11-29 00:21:23,2018-11-29 00:54:23,5,10
jack_rabbit_slims,2018-05-10 12:22:33,2018-05-10 12:39:33,4,4
jack_rabbit_slims,2017-03-17 22:55:51,2017-03-17 23:13:51,2,6
la_ratatouille,2017-07-01 11:26:47,2017-07-01 11:39:47,7,4
la_ratatouille,2017-10-15 02:35:29,2017-10-15 02:40:29,1,1
la_ratatouille,2017-05-10 01:41:46,2017-05-10 02:10:46,9,6
la_ratatouille,2018-10-08 09:43:07,2018-10-08 09:49:07,9,2
la_ratatouille,2018-10-27 22:10:03,2018-10-27 22:35:03,6,8
jack_rabbit_slims,2018-04-27 12:09:41,2018-04-27 12:50:41,7,9
jack_rabbit_slims,2018-01-05 14:41:43,2018-01-05 14:57:43,3,4
la_ratatouille,2018-04-05 14:01:22,2018-04-05 14:27:22,4,6
la_ratatouille,2017-03-31 09:41:03,2017-03-31 09:43:03,4,1
jack_rabbit_slims,2018-07-16 10:07:52,2018-07-16 10:33:52,9,7
la_ratatouille,2018-02-19 04:00:17,2018-02-19 04:32:17,2,10
jack_rabbit_slims,2017-09-03 23:29:48,2017-09-04 00:06:48,5,7
jack_rabbit_slims,2017-10-20 03:38:32,2017-10-20 03:53:32,2,3
jack_rabbit_slims,2018-05-07 16:23:35,2018-05-07 16:29:35,1,1
la_ratatouille,2018-11-06 01:44:08,2018-11-06 02:04:08,8,5
la_ratatouille,2018-01-13 19:07:23,2018-01-13 19:40:23,5,10
jack_rabbit_slims,2017-12-30 00:23:46,2017-12-30 00:58:46,2,10
jack_rabbit_slims,2018-10-29 23:32:21,2018-10-29 23:51:21,7,3
jack_rabbit_slims,2018-01-28 22:08:43,2018-01-28 22:40:43,4,9
la_ratatouille,2017-03-03 10:40:53,2017-03-03 10:46:53,6,2
jack_rabbit_slims,2017-09-06 23:14:10,2017-09-06 23:33:10,4,3
la_ratatouille,2018-04-03 17:03:23,2018-04-03 17:22:23,5,3
la_ratatouille,2017-05-13 16:44:35,2017-05-13 17:19:35,3,7
la_ratatouille,2017-03-29 05:59:19,2017-03-29 06:11:19,10,2
jack_rabbit_slims,2018-09-27 19:43:19,2018-09-27 20:09:19,8,5
jack_rabbit_slims,2018-06-17 11:16:26,2018-06-17 11:51:26,4,7
jack_rabbit_slims,2018-11-17 00:14:54,2018-11-17 00:27:54,2,4
la_ratatouille,2017-07-25 02:09:34,2017-07-25 02:18:34,4,1
la_ratatouille,2017-07-02 03:56:17,2017-07-02 04:28:17,8,7
la_ratatouille,2017-08-30 04:17:03,2017-08-30 04:34:03,9,4
la_ratatouille,2018-05-18 22:11:34,2018-05-18 22:33:34,10,4
la_ratatouille,2018-03-10 06:43:01,2018-03-10 07:05:01,9,4
la_ratatouille,2018-10-15 00:59:04,2018-10-15 01:24:04,3,5
la_ratatouille,2018-03-15 22:14:58,2018-03-15 22:38:58,5,6
jack_rabbit_slims,2017-11-12 23:22:35,2017-11-12 23:57:35,6,9
jack_rabbit_slims,2018-08-23 07:21:48,2018-08-23 07:29:48,4,1
la_ratatouille,2018-02-26 10:48:17,2018-02-26 11:06:17,2,6
jack_rabbit_slims,2017-03-27 19:37:45,2017-03-27 20:02:45,4,8
la_ratatouille,2018-05-07 22:50:00,2018-05-07 23:20:00,2,7
jack_rabbit_slims,2017-08-10 10:59:32,2017-08-10 11:24:32,10,7
jack_rabbit_slims,2017-06-11 22:57:05,2017-06-11 23:22:05,1,6
jack_rabbit_slims,2017-10-05 16:55:44,2017-10-05 17:22:44,3,7
jack_rabbit_slims,2018-03-31 11:44:21,2018-03-31 12:18:21,10,6
la_ratatouille,2018-08-10 21:01:56,2018-08-10 21:45:56,7,9
la_ratatouille,2018-03-24 01:21:29,2018-03-24 01:33:29,8,2
la_ratatouille,2017-02-20 03:30:43,2017-02-20 03:34:43,5,1
la_ratatouille,2017-11-20 09:49:30,2017-11-20 10:02:30,6,3
la_ratatouille,2017-02-21 21:24:13,2017-02-21 21:43:13,2,3
jack_rabbit_slims,2017-03-18 20:06:13,2017-03-18 20:28:13,1,4
jack_rabbit_slims,2018-11-13 01:06:07,2018-11-13 01:06:07,8,1
la_ratatouille,2017-11-24 00:35:15,2017-11-24 00:53:15,6,4
la_ratatouille,2018-10-06 18:10:25,2018-10-06 18:43:25,3,8
la_ratatouille,2017-06-30 05:39:06,2017-06-30 05:49:06,6,2
la_ratatouille,2017-09-18 03:13:10,2017-09-18 03:25:10,10,4
jack_rabbit_slims,2018-07-29 01:30:52,2018-07-29 01:58:52,4,8
la_ratatouille,2018-08-20 07:20:33,2018-08-20 07:39:33,3,3
la_ratatouille,2017-03-29 00:31:58,2017-03-29 00:43:58,8,3
la_ratatouille,2017-04-08 08:11:30,2017-04-08 08:23:30,6,4
la_ratatouille,2016-12-24 17:49:03,2016-12-24 17:54:03,1,1
jack_rabbit_slims,2018-07-11 20:07:06,2018-07-11 20:51:06,2,9
la_ratatouille,2017-02-03 01:37:04,2017-02-03 01:56:04,3,4
jack_rabbit_slims,2018-06-26 17:45:15,2018-06-26 18:22:15,3,10
la_ratatouille,2017-03-22 05:51:41,2017-03-22 06:17:41,4,9
la_ratatouille,2017-10-20 17:44:08,2017-10-20 18:08:08,3,7
jack_rabbit_slims,2016-12-23 23:44:57,2016-12-23 23:51:57,3,1
jack_rabbit_slims,2017-12-05 18:43:39,2017-12-05 18:57:39,5,3
la_ratatouille,2017-07-29 09:13:11,2017-07-29 09:48:11,3,10
la_ratatouille,2018-09-22 14:48:27,2018-09-22 14:49:27,3,1
la_ratatouille,2016-12-29 02:29:38,2016-12-29 02:39:38,9,2
jack_rabbit_slims,2017-10-08 13:19:37,2017-10-08 13:20:37,2,1
jack_rabbit_slims,2017-08-09 21:58:10,2017-08-09 22:32:10,1,7
jack_rabbit_slims,2018-09-21 03:54:16,2018-09-21 04:27:16,4,7
la_ratatouille,2018-03-31 08:09:48,2018-03-31 08:46:48,1,10
la_ratatouille,2017-05-31 01:01:35,2017-05-31 01:08:35,8,1
jack_rabbit_slims,2018-05-07 23:19:30,2018-05-08 00:03:30,9,10
jack_rabbit_slims,2017-04-28 15:20:59,2017-04-28 15:41:59,2,4
la_ratatouille,2017-11-22 05:43:51,2017-11-22 06:01:51,6,6
jack_rabbit_slims,2017-04-22 23:57:36,2017-04-23 00:21:36,9,8
la_ratatouille,2017-06-17 02:34:00,2017-06-17 02:56:00,1,7
la_ratatouille,2017-10-16 14:16:34,2017-10-16 14:31:34,6,4
la_ratatouille,2016-12-19 00:42:28,2016-12-19 01:17:28,10,9
jack_rabbit_slims,2017-01-26 21:48:54,2017-01-26 22:08:54,1,4
la_ratatouille,2018-05-12 22:57:05,2018-05-12 23:06:05,9,1
la_ratatouille,2017-12-29 15:10:37,2017-12-29 15:11:37,1,1
jack_rabbit_slims,2017-05-24 16:37:09,2017-05-24 17:03:09,6,8
jack_rabbit_slims,2017-06-16 16:27:17,2017-06-16 16:49:17,7,7
la_ratatouille,2017-05-02 04:23:01,2017-05-02 04:37:01,3,2
jack_rabbit_slims,2017-11-06 10:23:12,2017-11-06 10:47:12,4,5
la_ratatouille,2018-05-10 12:00:45,2018-05-10 12:26:45,9,5
la_ratatouille,2017-12-17 05:26:20,2017-12-17 05:52:20,10,5
jack_rabbit_slims,2017-12-25 22:35:16,2017-12-25 22:40:16,1,2
la_ratatouille,2017-10-31 15:29:19,2017-10-31 16:00:19,2,10
la_ratatouille,2017-04-24 01:21:27,2017-04-24 01:42:27,8,7
jack_rabbit_slims,2018-10-06 20:28:22,2018-10-06 20:46:22,9,4
jack_rabbit_slims,2016-12-19 10:18:53,2016-12-19 10:20:53,3,1
jack_rabbit_slims,2017-05-31 15:29:31,2017-05-31 15:46:31,6,4
la_ratatouille,2018-06-04 00:35:48,2018-06-04 01:05:48,2,6
jack_rabbit_slims,2017-02-21 22:54:55,2017-02-21 23:30:55,8,9
jack_rabbit_slims,2017-02-24 01:20:08,2017-02-24 01:51:08,4,6
la_ratatouille,2017-12-27 20:14:54,2017-12-27 20:37:54,10,7
jack_rabbit_slims,2017-05-17 07:45:44,2017-05-17 08:09:44,1,4
la_ratatouille,2016-12-29 05:41:56,2016-12-29 06:10:56,4,9
la_ratatouille,2016-12-13 19:05:16,2016-12-13 19:14:16,5,1
jack_rabbit_slims,2017-12-24 08:37:11,2017-12-24 09:07:11,3,10
la_ratatouille,2017-12-04 22:56:41,2017-12-04 23:36:41,4,9
jack_rabbit_slims,2017-11-27 13:55:43,2017-11-27 14:16:43,4,7
la_ratatouille,2017-01-28 22:48:38,2017-01-28 23:13:38,9,7
jack_rabbit_slims,2018-08-02 10:54:46,2018-08-02 11:18:46,10,6
jack_rabbit_slims,2018-10-25 14:50:10,2018-10-25 15:10:10,4,5
jack_rabbit_slims,2018-05-10 00:44:47,2018-05-10 01:03:47,7,6
jack_rabbit_slims,2017-11-29 09:04:05,2017-11-29 09:18:05,9,2
la_ratatouille,2017-09-13 12:20:10,2017-09-13 13:01:10,8,9
la_ratatouille,2018-06-20 19:01:46,2018-06-20 19:47:46,3,10
la_ratatouille,2018-02-06 15:57:12,2018-02-06 16:21:12,4,5
jack_rabbit_slims,2017-03-20 00:46:45,2017-03-20 01:09:45,10,6
la_ratatouille,2018-03-22 14:44:39,2018-03-22 14:56:39,9,3
jack_rabbit_slims,2018-04-08 14:08:28,2018-04-08 14:38:28,6,6
la_ratatouille,2018-09-28 10:27:15,2018-09-28 10:41:15,9,2
jack_rabbit_slims,2017-08-06 13:39:43,2017-08-06 13:42:43,2,1
jack_rabbit_slims,2018-04-10 08:45:25,2018-04-10 09:05:25,8,6
la_ratatouille,2018-08-27 01:47:04,2018-08-27 02:03:04,6,3
jack_rabbit_slims,2017-07-07 07:23:39,2017-07-07 07:54:39,9,8
la_ratatouille,2018-09-11 20:27:36,2018-09-11 21:09:36,8,10
jack_rabbit_slims,2018-07-31 19:27:55,2018-07-31 19:53:55,4,8
la_ratatouille,2017-06-30 19:48:41,2017-06-30 19:51:41,9,1
la_ratatouille,2017-07-11 08:15:01,2017-07-11 08:36:01,6,4
la_ratatouille,2017-11-22 20:23:07,2017-11-22 20:36:07,6,3
la_ratatouille,2018-01-01 21:26:46,2018-01-01 21:55:46,10,8
la_ratatouille,2017-12-19 14:20:11,2017-12-19 14:48:11,1,9
la_ratatouille,2017-11-18 23:50:10,2017-11-18 23:56:10,2,1
la_ratatouille,2018-07-23 18:19:02,2018-07-23 18:27:02,3,1
jack_rabbit_slims,2018-01-20 17:22:33,2018-01-20 17:52:33,6,8
jack_rabbit_slims,2017-12-13 03:12:57,2017-12-13 03:26:57,4,3
la_ratatouille,2017-03-01 03:25:27,2017-03-01 03:45:27,3,7
la_ratatouille,2017-05-18 23:55:18,2017-05-19 00:30:18,8,7
jack_rabbit_slims,2018-08-31 01:04:54,2018-08-31 01:21:54,8,3
la_ratatouille,2017-10-04 19:35:55,2017-10-04 19:53:55,9,3
jack_rabbit_slims,2018-03-30 02:44:52,2018-03-30 03:06:52,8,6
jack_rabbit_slims,2018-09-23 23:45:13,2018-09-24 00:26:13,7,10
jack_rabbit_slims,2018-04-07 18:40:14,2018-04-07 19:06:14,4,8
jack_rabbit_slims,2016-12-27 12:56:57,2016-12-27 13:16:57,4,6
jack_rabbit_slims,2018-05-20 04:50:03,2018-05-20 05:10:03,8,5
la_ratatouille,2017-11-02 21:38:34,2017-11-02 22:11:34,3,10
la_ratatouille,2017-03-25 21:05:09,2017-03-25 21:21:09,8,3
jack_rabbit_slims,2018-08-11 09:39:00,2018-08-11 10:12:00,8,10
la_ratatouille,2018-06-17 17:55:52,2018-06-17 18:08:52,6,4
jack_rabbit_slims,2017-10-18 08:44:32,2017-10-18 09:12:32,10,5
jack_rabbit_slims,2017-01-26 05:34:20,2017-01-26 06:03:20,2,7
la_ratatouille,2017-06-10 21:24:46,2017-06-10 21:45:46,3,4
la_ratatouille,2017-09-03 17:32:38,2017-09-03 17:57:38,7,6
jack_rabbit_slims,2018-09-06 11:29:35,2018-09-06 11:49:35,4,7
la_ratatouille,2017-06-05 02:01:36,2017-06-05 02:35:36,4,7
la_ratatouille,2018-01-07 21:03:30,2018-01-07 21:16:30,6,2
jack_rabbit_slims,2018-10-19 13:49:42,2018-10-19 14:04:42,5,4
jack_rabbit_slims,2018-06-16 08:14:43,2018-06-16 08:21:43,3,1
jack_rabbit_slims,2017-10-21 07:04:27,2017-10-21 07:31:27,9,9
jack_rabbit_slims,2017-12-16 21:02:04,2017-12-16 21:25:04,7,8
jack_rabbit_slims,2017-06-01 21:23:35,2017-06-01 21:59:35,9,9
jack_rabbit_slims,2018-02-02 11:57:25,2018-02-02 12:08:25,3,3
jack_rabbit_slims,2018-05-30 17:48:47,2018-05-30 18:29:47,5,10
la_ratatouille,2018-10-06 17:04:20,2018-10-06 17:26:20,1,5
la_ratatouille,2017-03-26 17:32:35,2017-03-26 17:50:35,4,6
la_ratatouille,2018-04-01 12:44:04,2018-04-01 13:10:04,4,5
jack_rabbit_slims,2018-09-06 06:14:01,2018-09-06 06:27:01,6,2
jack_rabbit_slims,2017-05-25 01:19:10,2017-05-25 01:32:10,5,4
jack_rabbit_slims,2018-08-07 02:20:01,2018-08-07 02:33:01,8,4
jack_rabbit_slims,2018-11-04 05:50:12,2018-11-04 05:56:12,3,1
la_ratatouille,2016-12-13 10:21:27,2016-12-13 10:43:27,9,4
la_ratatouille,2017-06-02 14:54:49,2017-06-02 15:21:49,9,5
jack_rabbit_slims,2018-10-17 22:37:15,2018-10-17 23:13:15,2,7
la_ratatouille,2017-12-05 08:45:59,2017-12-05 08:55:59,9,2
la_ratatouille,2017-07-22 09:01:16,2017-07-22 09:28:16,7,6
la_ratatouille,2018-08-18 20:05:14,2018-08-18 20:31:14,7,9
jack_rabbit_slims,2017-01-11 08:28:24,2017-01-11 09:02:24,8,8
la_ratatouille,2018-09-18 19:22:59,2018-09-18 19:41:59,4,6
la_ratatouille,2018-12-07 08:14:29,2018-12-07 08:22:29,1,2
jack_rabbit_slims,2017-05-08 22:39:00,2017-05-08 23:21:00,9,10
jack_rabbit_slims,2018-07-20 23:06:49,2018-07-20 23:09:49,10,2
jack_rabbit_slims,2018-11-02 07:16:48,2018-11-02 07:30:48,5,3
jack_rabbit_slims,2018-10-19 19:28:30,2018-10-19 19:55:30,2,9
jack_rabbit_slims,2018-10-16 15:58:47,2018-10-16 16:05:47,4,2
la_ratatouille,2017-04-19 09:31:20,2017-04-19 09:52:20,10,7
jack_rabbit_slims,2018-08-22 03:48:43,2018-08-22 04:11:43,8,8
jack_rabbit_slims,2018-05-22 02:51:54,2018-05-22 02:52:54,10,1
la_ratatouille,2018-08-07 12:29:50,2018-08-07 13:17:50,6,10
jack_rabbit_slims,2017-04-04 00:00:49,2017-04-04 00:17:49,5,3
jack_rabbit_slims,2018-02-16 01:00:02,2018-02-16 01:44:02,8,10
la_ratatouille,2018-07-19 15:44:56,2018-07-19 16:17:56,1,6
la_ratatouille,2017-09-22 06:44:50,2017-09-22 07:15:50,2,9
la_ratatouille,2017-09-10 22:15:30,2017-09-10 22:43:30,4,6
la_ratatouille,2018-03-15 01:00:38,2018-03-15 01:39:38,3,8
jack_rabbit_slims,2017-05-10 06:42:09,2017-05-10 06:51:09,5,1
la_ratatouille,2017-10-08 12:32:30,2017-10-08 12:56:30,5,5
jack_rabbit_slims,2017-12-22 12:12:35,2017-12-22 12:33:35,6,6
la_ratatouille,2018-09-28 23:29:52,2018-09-28 23:58:52,2,9
jack_rabbit_slims,2018-02-08 16:09:12,2018-02-08 16:17:12,6,1
la_ratatouille,2017-01-17 20:17:01,2017-01-17 20:19:01,5,1
jack_rabbit_slims,2017-02-03 21:15:58,2017-02-03 21:40:58,4,6
la_ratatouille,2017-09-14 15:28:39,2017-09-14 15:54:39,3,8
jack_rabbit_slims,2017-12-29 15:18:03,2017-12-29 15:37:03,10,4
jack_rabbit_slims,2016-12-15 12:05:45,2016-12-15 12:42:45,7,8
jack_rabbit_slims,2017-09-15 02:09:27,2017-09-15 02:53:27,7,9
la_ratatouille,2017-05-14 08:33:01,2017-05-14 08:48:01,2,4
la_ratatouille,2017-03-06 11:50:15,2017-03-06 12:04:15,6,3
la_ratatouille,2018-09-18 08:17:14,2018-09-18 08:53:14,7,9
la_ratatouille,2018-05-04 09:53:41,2018-05-04 10:36:41,4,9
jack_rabbit_slims,2018-08-07 23:40:47,2018-08-07 23:54:47,6,3
jack_rabbit_slims,2017-10-30 12:25:45,2017-10-30 12:45:45,1,4
jack_rabbit_slims,2018-03-09 23:44:30,2018-03-09 23:50:30,10,1
la_ratatouille,2018-09-15 14:56:21,2018-09-15 15:12:21,1,4
la_ratatouille,2017-12-27 13:04:23,2017-12-27 13:43:23,8,8
jack_rabbit_slims,2017-03-07 05:11:50,2017-03-07 05:20:50,1,1
la_ratatouille,2017-06-19 15:15:37,2017-06-19 15:59:37,6,10
jack_rabbit_slims,2018-01-21 17:26:18,2018-01-21 17:46:18,1,4
jack_rabbit_slims,2018-12-08 15:52:04,2018-12-08 16:30:04,5,8
jack_rabbit_slims,2017-07-11 02:28:33,2017-07-11 03:06:33,2,9
jack_rabbit_slims,2017-01-08 08:54:46,2017-01-08 09:13:46,8,3
la_ratatouille,2018-01-07 08:27:45,2018-01-07 09:00:45,5,10
jack_rabbit_slims,2017-02-11 14:09:01,2017-02-11 14:13:01,1,1
jack_rabbit_slims,2018-11-30 04:48:46,2018-11-30 05:33:46,7,10
la_ratatouille,2018-01-22 22:35:28,2018-01-22 22:37:28,9,1
jack_rabbit_slims,2018-01-10 02:18:54,2018-01-10 02:35:54,9,4
la_ratatouille,2017-06-11 08:53:24,2017-06-11 09:08:24,1,3
jack_rabbit_slims,2017-10-07 11:47:34,2017-10-07 12:11:34,6,7
la_ratatouille,2017-04-13 22:31:13,2017-04-13 22:54:13,9,7
la_ratatouille,2018-08-28 05:07:43,2018-08-28 05:30:43,6,5
la_ratatouille,2017-04-02 16:08:37,2017-04-02 16:28:37,1,6
la_ratatouille,2018-11-25 07:02:37,2018-11-25 07:21:37,1,3
la_ratatouille,2018-04-03 13:39:48,2018-04-03 14:06:48,1,9
la_ratatouille,2017-12-25 23:19:31,2017-12-25 23:47:31,8,8
la_ratatouille,2018-11-24 01:49:56,2018-11-24 02:21:56,4,10
jack_rabbit_slims,2018-08-02 12:30:22,2018-08-02 12:34:22,9,1
jack_rabbit_slims,2017-02-10 15:44:24,2017-02-10 16:15:24,6,8
la_ratatouille,2017-06-06 13:35:29,2017-06-06 14:07:29,6,7
jack_rabbit_slims,2017-07-15 00:43:56,2017-07-15 01:08:56,10,6
jack_rabbit_slims,2018-05-24 05:06:15,2018-05-24 05:31:15,8,6
la_ratatouille,2018-10-05 23:41:56,2018-10-06 00:04:56,3,6
la_ratatouille,2017-01-02 12:16:42,2017-01-02 12:32:42,3,3
la_ratatouille,2017-09-26 01:20:20,2017-09-26 01:51:20,10,7
la_ratatouille,2017-03-29 08:38:11,2017-03-29 08:41:11,1,1
la_ratatouille,2018-11-13 16:15:19,2018-11-13 16:35:19,3,5
la_ratatouille,2018-03-08 02:45:39,2018-03-08 02:48:39,9,1
la_ratatouille,2017-10-25 18:42:04,2017-10-25 18:54:04,3,3
jack_rabbit_slims,2018-10-14 13:39:49,2018-10-14 13:55:49,5,5
la_ratatouille,2017-04-12 06:26:32,2017-04-12 07:03:32,6,9
la_ratatouille,2017-07-16 11:38:02,2017-07-16 12:14:02,8,7
la_ratatouille,2017-05-12 14:08:28,2017-05-12 14:35:28,4,7
jack_rabbit_slims,2018-01-20 19:06:45,2018-01-20 19:09:45,9,1
jack_rabbit_slims,2017-01-08 11:46:37,2017-01-08 12:06:37,7,4
jack_rabbit_slims,2017-01-20 12:33:38,2017-01-20 12:59:38,2,9
jack_rabbit_slims,2017-04-05 19:42:31,2017-04-05 20:06:31,9,6
la_ratatouille,2017-07-05 06:28:07,2017-07-05 07:08:07,4,9
la_ratatouille,2018-05-05 19:12:19,2018-05-05 19:45:19,4,6
jack_rabbit_slims,2017-06-21 17:42:04,2017-06-21 18:22:04,9,9
la_ratatouille,2017-12-07 18:27:04,2017-12-07 19:08:04,6,10
la_ratatouille,2018-09-02 09:21:02,2018-09-02 09:40:02,1,4
jack_rabbit_slims,2017-05-17 16:49:44,2017-05-17 16:57:44,9,1
jack_rabbit_slims,2018-02-23 13:46:22,2018-02-23 13:59:22,3,4
jack_rabbit_slims,2018-08-01 03:10:18,2018-08-01 03:55:18,10,10
la_ratatouille,2018-03-14 18:47:39,2018-03-14 18:54:39,1,2
la_ratatouille,2017-10-04 20:09:28,2017-10-04 20:35:28,9,8
la_ratatouille,2018-08-29 17:07:10,2018-08-29 17:11:10,6,2
la_ratatouille,2017-01-10 18:26:37,2017-01-10 19:02:37,6,7
jack_rabbit_slims,2018-05-28 11:16:51,2018-05-28 11:34:51,6,4
la_ratatouille,2018-08-19 02:18:26,2018-08-19 02:53:26,6,9
la_ratatouille,2018-01-28 00:06:54,2018-01-28 00:10:54,1,2
la_ratatouille,2017-07-29 03:30:59,2017-07-29 04:10:59,7,9
jack_rabbit_slims,2018-04-07 08:34:19,2018-04-07 08:58:19,5,7
la_ratatouille,2018-04-15 01:15:04,2018-04-15 01:33:04,9,4
la_ratatouille,2017-08-21 11:25:12,2017-08-21 11:48:12,4,5
jack_rabbit_slims,2017-07-20 00:54:47,2017-07-20 01:11:47,10,3
la_ratatouille,2017-06-07 17:09:09,2017-06-07 17:14:09,1,2
jack_rabbit_slims,2017-01-05 13:39:24,2017-01-05 14:05:24,1,5
jack_rabbit_slims,2017-10-03 09:38:42,2017-10-03 10:08:42,7,9
jack_rabbit_slims,2017-10-16 13:33:52,2017-10-16 13:36:52,8,1
la_ratatouille,2018-04-30 21:12:15,2018-04-30 21:49:15,2,7
jack_rabbit_slims,2017-11-24 01:33:06,2017-11-24 02:07:06,5,9
jack_rabbit_slims,2018-04-20 12:55:08,2018-04-20 13:18:08,3,8
la_ratatouille,2016-12-12 23:43:17,2016-12-13 00:26:17,2,9
la_ratatouille,2017-02-01 07:23:51,2017-02-01 08:06:51,5,10
la_ratatouille,2018-08-24 01:11:03,2018-08-24 01:25:03,2,3
jack_rabbit_slims,2018-10-18 08:34:46,2018-10-18 08:59:46,2,5
jack_rabbit_slims,2017-07-31 04:39:02,2017-07-31 04:54:02,7,3
la_ratatouille,2018-02-03 23:46:14,2018-02-04 00:18:14,8,10
jack_rabbit_slims,2018-03-07 05:37:39,2018-03-07 06:05:39,5,6
jack_rabbit_slims,2017-07-08 20:57:52,2017-07-08 21:10:52,8,3
jack_rabbit_slims,2017-11-21 21:55:49,2017-11-21 22:25:49,3,8
la_ratatouille,2017-04-15 13:55:02,2017-04-15 14:29:02,2,9
jack_rabbit_slims,2017-05-13 22:12:06,2017-05-13 22:49:06,9,9
la_ratatouille,2017-02-22 10:16:02,2017-02-22 10:44:02,10,7
jack_rabbit_slims,2018-01-31 19:02:39,2018-01-31 19:23:39,1,4
la_ratatouille,2018-05-22 16:20:27,2018-05-22 16:29:27,5,1
la_ratatouille,2018-07-10 11:41:43,2018-07-10 12:14:43,1,8
jack_rabbit_slims,2018-02-26 08:03:09,2018-02-26 08:30:09,2,8
jack_rabbit_slims,2017-12-06 19:43:57,2017-12-06 19:48:57,9,2
jack_rabbit_slims,2016-12-30 11:23:24,2016-12-30 11:40:24,8,5
la_ratatouille,2017-07-28 13:38:17,2017-07-28 14:18:17,6,10
jack_rabbit_slims,2017-10-16 00:12:57,2017-10-16 00:36:57,8,4
jack_rabbit_slims,2017-11-02 10:17:59,2017-11-02 11:01:59,9,9
la_ratatouille,2017-07-08 07:20:39,2017-07-08 07:39:39,8,5
la_ratatouille,2016-12-19 04:54:18,2016-12-19 05:03:18,4,1
jack_rabbit_slims,2017-03-03 09:31:15,2017-03-03 09:47:15,9,5
la_ratatouille,2018-08-19 12:42:36,2018-08-19 13:06:36,5,7
la_ratatouille,2017-09-13 19:06:17,2017-09-13 19:39:17,1,7
la_ratatouille,2017-05-12 21:50:46,2017-05-12 21:58:46,1,1
jack_rabbit_slims,2017-06-05 08:22:04,2017-06-05 09:01:04,1,9
la_ratatouille,2017-09-22 05:32:30,2017-09-22 05:54:30,2,7
la_ratatouille,2018-06-16 15:30:58,2018-06-16 15:39:58,8,2
la_ratatouille,2018-09-17 10:39:42,2018-09-17 11:22:42,5,10
jack_rabbit_slims,2017-10-11 03:39:30,2017-10-11 03:42:30,2,2
jack_rabbit_slims,2017-11-05 02:39:22,2017-11-05 03:09:22,1,6
jack_rabbit_slims,2018-06-06 04:43:53,2018-06-06 05:14:53,4,10
jack_rabbit_slims,2018-10-01 18:25:31,2018-10-01 19:07:31,3,10
jack_rabbit_slims,2018-12-01 17:51:04,2018-12-01 18:33:04,6,9
la_ratatouille,2017-08-17 01:22:28,2017-08-17 01:43:28,7,4
jack_rabbit_slims,2017-06-05 02:43:17,2017-06-05 03:12:17,3,5
la_ratatouille,2018-03-22 16:06:08,2018-03-22 16:43:08,10,8
la_ratatouille,2017-02-07 08:56:07,2017-02-07 09:15:07,7,3
jack_rabbit_slims,2017-12-19 17:15:46,2017-12-19 17:39:46,6,5
jack_rabbit_slims,2017-07-28 09:55:33,2017-07-28 10:36:33,4,10
jack_rabbit_slims,2017-01-02 21:44:03,2017-01-02 21:56:03,1,4
jack_rabbit_slims,2018-04-05 17:24:04,2018-04-05 18:03:04,6,10
jack_rabbit_slims,2017-09-17 07:02:46,2017-09-17 07:14:46,5,4
jack_rabbit_slims,2018-10-11 05:28:03,2018-10-11 06:05:03,1,9
la_ratatouille,2018-11-09 18:36:08,2018-11-09 19:21:08,3,10
jack_rabbit_slims,2017-08-09 08:17:31,2017-08-09 08:49:31,5,7
la_ratatouille,2017-03-25 10:28:47,2017-03-25 10:36:47,7,1
la_ratatouille,2018-09-17 23:27:01,2018-09-17 23:53:01,10,6
jack_rabbit_slims,2017-06-10 13:24:41,2017-06-10 13:41:41,8,3
jack_rabbit_slims,2017-06-21 21:19:04,2017-06-21 21:24:04,7,2
jack_rabbit_slims,2017-07-01 02:59:00,2017-07-01 03:04:00,7,1
la_ratatouille,2018-09-28 02:10:10,2018-09-28 02:19:10,9,1
jack_rabbit_slims,2018-10-24 15:56:56,2018-10-24 16:09:56,3,3
jack_rabbit_slims,2018-08-03 14:44:45,2018-08-03 14:56:45,9,3
jack_rabbit_slims,2017-10-29 08:10:59,2017-10-29 08:37:59,5,6
la_ratatouille,2018-08-04 17:34:38,2018-08-04 17:42:38,8,1
la_ratatouille,2018-12-02 15:29:49,2018-12-02 15:32:49,5,2
la_ratatouille,2017-01-04 09:05:32,2017-01-04 09:46:32,2,10
jack_rabbit_slims,2017-05-21 13:25:07,2017-05-21 13:41:07,1,4
jack_rabbit_slims,2017-03-21 08:28:28,2017-03-21 09:09:28,10,9
jack_rabbit_slims,2017-02-04 17:41:00,2017-02-04 17:44:00,4,2
la_ratatouille,2018-10-10 07:02:12,2018-10-10 07:41:12,2,9
la_ratatouille,2018-01-21 13:03:42,2018-01-21 13:51:42,2,10
la_ratatouille,2017-11-24 14:37:29,2017-11-24 14:55:29,5,4
la_ratatouille,2018-07-12 10:39:23,2018-07-12 10:59:23,2,7
jack_rabbit_slims,2017-12-26 11:41:40,2017-12-26 12:00:40,6,3
jack_rabbit_slims,2018-06-07 14:40:50,2018-06-07 15:15:50,2,8
jack_rabbit_slims,2017-09-02 13:04:03,2017-09-02 13:12:03,2,3
jack_rabbit_slims,2018-04-28 09:14:24,2018-04-28 09:39:24,2,7
la_ratatouille,2018-07-07 13:31:52,2018-07-07 13:33:52,6,1
la_ratatouille,2017-05-09 19:06:00,2017-05-09 19:28:00,3,4
jack_rabbit_slims,2018-03-24 22:53:53,2018-03-24 23:03:53,10,3
la_ratatouille,2017-10-05 04:29:21,2017-10-05 04:59:21,2,8
la_ratatouille,2017-07-13 20:30:15,2017-07-13 20:56:15,2,6
la_ratatouille,2017-01-12 12:33:39,2017-01-12 13:17:39,8,10
jack_rabbit_slims,2018-07-08 21:38:14,2018-07-08 21:52:14,10,2
la_ratatouille,2017-10-19 13:05:27,2017-10-19 13:44:27,5,10
la_ratatouille,2018-06-29 11:13:19,2018-06-29 11:43:19,4,10
jack_rabbit_slims,2017-01-07 21:55:10,2017-01-07 22:28:10,3,7
jack_rabbit_slims,2017-01-21 15:55:14,2017-01-21 16:28:14,9,8
jack_rabbit_slims,2018-09-19 14:16:03,2018-09-19 14:50:03,5,10
jack_rabbit_slims,2018-04-05 23:57:12,2018-04-05 23:59:12,3,1
la_ratatouille,2017-09-09 20:24:37,2017-09-09 20:51:37,6,8
jack_rabbit_slims,2018-10-28 15:31:18,2018-10-28 15:41:18,2,2
la_ratatouille,2018-10-05 08:49:50,2018-10-05 09:12:50,9,4
la_ratatouille,2017-03-15 17:23:57,2017-03-15 17:57:57,5,6
jack_rabbit_slims,2017-03-20 15:50:57,2017-03-20 16:04:57,6,2
jack_rabbit_slims,2018-05-15 16:58:31,2018-05-15 17:01:31,5,1
jack_rabbit_slims,2017-06-23 22:37:31,2017-06-23 22:47:31,7,2
la_ratatouille,2018-10-28 08:24:27,2018-10-28 08:49:27,2,8
jack_rabbit_slims,2018-02-08 08:21:30,2018-02-08 08:38:30,8,5
la_ratatouille,2018-04-30 00:10:18,2018-04-30 00:41:18,9,8
la_ratatouille,2017-09-30 01:24:16,2017-09-30 02:07:16,4,10
la_ratatouille,2017-03-06 23:26:42,2017-03-06 23:41:42,2,4
jack_rabbit_slims,2017-03-13 18:24:21,2017-03-13 18:33:21,7,1
jack_rabbit_slims,2017-10-23 22:39:12,2017-10-23 23:05:12,3,7
jack_rabbit_slims,2017-01-11 03:30:39,2017-01-11 03:51:39,8,6
la_ratatouille,2017-11-14 05:48:33,2017-11-14 06:22:33,10,7
la_ratatouille,2017-12-16 00:55:48,2017-12-16 01:10:48,9,3
jack_rabbit_slims,2018-02-17 10:41:27,2018-02-17 10:50:27,6,2
jack_rabbit_slims,2018-01-22 17:08:22,2018-01-22 17:44:22,4,10
la_ratatouille,2018-02-20 03:02:09,2018-02-20 03:40:09,2,9
la_ratatouille,2017-09-27 03:03:40,2017-09-27 03:11:40,9,1
jack_rabbit_slims,2017-07-27 13:21:17,2017-07-27 13:38:17,9,4
jack_rabbit_slims,2017-06-25 10:31:14,2017-06-25 10:48:14,7,5
la_ratatouille,2018-09-07 10:27:36,2018-09-07 10:40:36,2,2
jack_rabbit_slims,2018-02-11 08:12:25,2018-02-11 08:36:25,5,5
la_ratatouille,2017-02-16 05:35:23,2017-02-16 06:11:23,1,9
jack_rabbit_slims,2018-05-24 08:13:35,2018-05-24 08:46:35,4,6
jack_rabbit_slims,2017-12-30 21:37:02,2017-12-30 21:53:02,7,3
jack_rabbit_slims,2018-04-06 18:45:03,2018-04-06 19:13:03,1,5
la_ratatouille,2017-04-23 00:03:40,2017-04-23 00:20:40,8,4
la_ratatouille,2018-11-12 23:42:57,2018-11-12 23:54:57,5,3
la_ratatouille,2018-05-21 10:58:12,2018-05-21 11:21:12,7,8
la_ratatouille,2017-12-08 01:55:59,2017-12-08 02:26:59,2,9
jack_rabbit_slims,2018-02-08 09:46:32,2018-02-08 10:11:32,6,7
jack_rabbit_slims,2018-05-26 09:52:54,2018-05-26 09:55:54,3,1
la_ratatouille,2018-02-26 20:50:22,2018-02-26 21:10:22,4,6
la_ratatouille,2017-04-19 01:18:17,2017-04-19 01:28:17,1,3
la_ratatouille,2018-07-31 09:30:13,2018-07-31 10:17:13,4,10
jack_rabbit_slims,2018-03-25 17:52:04,2018-03-25 18:22:04,3,10
la_ratatouille,2018-06-21 14:46:39,2018-06-21 14:55:39,2,3
la_ratatouille,2017-03-28 23:51:29,2017-03-29 00:00:29,1,2
jack_rabbit_slims,2018-07-10 05:56:33,2018-07-10 06:45:33,8,10
jack_rabbit_slims,2018-02-23 09:08:50,2018-02-23 09:24:50,6,5
la_ratatouille,2018-02-23 11:15:07,2018-02-23 11:28:07,5,4
jack_rabbit_slims,2017-10-17 11:19:56,2017-10-17 11:32:56,7,3
la_ratatouille,2016-12-10 09:36:57,2016-12-10 09:59:57,7,4
jack_rabbit_slims,2017-04-04 16:00:40,2017-04-04 16:18:40,10,3
jack_rabbit_slims,2018-09-16 01:31:11,2018-09-16 01:58:11,3,5
jack_rabbit_slims,2017-11-08 13:10:35,2017-11-08 13:28:35,1,3
jack_rabbit_slims,2018-11-24 19:29:00,2018-11-24 19:55:00,6,9
jack_rabbit_slims,2018-02-13 11:48:34,2018-02-13 11:57:34,2,3
jack_rabbit_slims,2018-12-05 19:50:23,2018-12-05 20:05:23,4,3
la_ratatouille,2017-12-06 14:31:05,2017-12-06 15:04:05,7,6
jack_rabbit_slims,2018-10-28 13:38:47,2018-10-28 14:20:47,4,10
jack_rabbit_slims,2017-05-03 03:46:11,2017-05-03 04:09:11,2,5
la_ratatouille,2017-10-30 18:24:14,2017-10-30 18:47:14,5,6
jack_rabbit_slims,2016-12-27 13:39:39,2016-12-27 13:51:39,8,3
jack_rabbit_slims,2016-12-19 10:53:49,2016-12-19 11:21:49,1,8
la_ratatouille,2017-06-13 22:03:55,2017-06-13 22:14:55,5,3
jack_rabbit_slims,2017-11-26 03:12:34,2017-11-26 03:42:34,2,7
jack_rabbit_slims,2017-05-15 00:55:36,2017-05-15 01:06:36,3,3
jack_rabbit_slims,2017-05-10 06:00:55,2017-05-10 06:27:55,10,7
jack_rabbit_slims,2017-04-25 21:10:53,2017-04-25 21:37:53,6,9
jack_rabbit_slims,2018-11-28 12:49:31,2018-11-28 13:11:31,1,4
la_ratatouille,2018-04-19 01:12:57,2018-04-19 01:55:57,10,9
jack_rabbit_slims,2017-03-04 14:12:24,2017-03-04 14:33:24,2,7
la_ratatouille,2017-11-04 20:52:22,2017-11-04 21:31:22,5,9
la_ratatouille,2017-10-03 08:39:01,2017-10-03 09:03:01,8,7
la_ratatouille,2017-09-04 13:10:54,2017-09-04 13:48:54,10,9
la_ratatouille,2017-05-16 11:08:18,2017-05-16 11:30:18,2,5
la_ratatouille,2018-09-27 16:37:21,2018-09-27 16:55:21,4,4
la_ratatouille,2018-07-21 04:51:25,2018-07-21 05:22:25,4,10
la_ratatouille,2018-07-20 07:21:04,2018-07-20 07:28:04,8,2
jack_rabbit_slims,2018-08-01 20:59:02,2018-08-01 21:36:02,4,8
jack_rabbit_slims,2018-01-20 22:38:37,2018-01-20 23:19:37,1,9
la_ratatouille,2018-07-07 18:35:14,2018-07-07 18:36:14,1,1
jack_rabbit_slims,2017-06-29 02:30:36,2017-06-29 02:55:36,5,7
la_ratatouille,2018-07-19 20:04:45,2018-07-19 20:30:45,8,9
jack_rabbit_slims,2017-01-09 20:02:18,2017-01-09 20:37:18,8,10
jack_rabbit_slims,2017-01-08 04:59:35,2017-01-08 05:21:35,3,5
la_ratatouille,2018-10-20 02:24:50,2018-10-20 02:53:50,4,6
jack_rabbit_slims,2018-12-04 18:51:24,2018-12-04 19:26:24,4,7
la_ratatouille,2017-03-16 09:46:03,2017-03-16 10:06:03,4,6
la_ratatouille,2018-08-20 14:12:15,2018-08-20 14:32:15,8,4
la_ratatouille,2017-04-20 07:55:23,2017-04-20 08:20:23,1,5
jack_rabbit_slims,2018-11-16 03:55:19,2018-11-16 04:20:19,4,7
la_ratatouille,2018-07-26 19:10:02,2018-07-26 19:42:02,7,6
jack_rabbit_slims,2017-07-18 22:45:17,2017-07-18 23:22:17,7,8
la_ratatouille,2018-08-06 13:27:32,2018-08-06 13:31:32,10,2
jack_rabbit_slims,2017-04-28 06:24:01,2017-04-28 06:59:01,4,9
la_ratatouille,2017-12-14 05:58:43,2017-12-14 06:15:43,1,3
la_ratatouille,2017-10-21 16:10:52,2017-10-21 16:29:52,8,5
jack_rabbit_slims,2018-09-16 17:08:15,2018-09-16 17:46:15,7,9
la_ratatouille,2018-01-28 05:38:55,2018-01-28 05:51:55,5,2
jack_rabbit_slims,2018-04-08 12:27:24,2018-04-08 12:42:24,4,3
jack_rabbit_slims,2017-11-23 18:44:16,2017-11-23 19:13:16,5,8
la_ratatouille,2017-07-18 09:59:09,2017-07-18 10:22:09,5,8
la_ratatouille,2017-08-26 21:59:00,2017-08-26 22:04:00,5,2
la_ratatouille,2018-01-26 17:13:56,2018-01-26 17:50:56,9,10
la_ratatouille,2018-09-14 10:55:22,2018-09-14 11:26:22,10,6
jack_rabbit_slims,2017-07-13 05:37:40,2017-07-13 05:37:40,5,1
la_ratatouille,2017-01-27 05:40:34,2017-01-27 06:09:34,1,5
la_ratatouille,2018-07-16 21:39:21,2018-07-16 21:56:21,4,4
la_ratatouille,2017-03-21 09:59:01,2017-03-21 10:22:01,5,4
la_ratatouille,2018-11-02 19:34:19,2018-11-02 19:49:19,8,4
jack_rabbit_slims,2017-07-10 14:13:26,2017-07-10 14:26:26,3,3
jack_rabbit_slims,2017-10-22 06:15:38,2017-10-22 06:54:38,4,9
jack_rabbit_slims,2018-04-15 00:47:28,2018-04-15 01:28:28,10,9
la_ratatouille,2018-12-05 14:49:44,2018-12-05 15:16:44,6,8
la_ratatouille,2017-06-14 17:19:09,2017-06-14 17:22:09,8,2
jack_rabbit_slims,2017-03-06 08:19:50,2017-03-06 08:45:50,9,8
la_ratatouille,2016-12-31 03:19:23,2016-12-31 03:38:23,10,3
jack_rabbit_slims,2017-09-12 08:17:31,2017-09-12 08:20:31,7,1
la_ratatouille,2018-08-14 03:08:55,2018-08-14 03:18:55,10,2
jack_rabbit_slims,2017-06-04 11:24:57,2017-06-04 12:13:57,4,10
la_ratatouille,2018-01-24 00:55:55,2018-01-24 01:08:55,5,4
jack_rabbit_slims,2017-09-04 18:57:55,2017-09-04 19:29:55,2,9
jack_rabbit_slims,2018-10-01 12:47:49,2018-10-01 13:12:49,10,5
la_ratatouille,2017-06-30 04:17:01,2017-06-30 04:58:01,9,10
la_ratatouille,2018-01-12 10:27:31,2018-01-12 11:03:31,2,9
jack_rabbit_slims,2018-06-09 23:29:12,2018-06-10 00:13:12,10,10
jack_rabbit_slims,2018-01-21 21:04:01,2018-01-21 21:41:01,7,9
jack_rabbit_slims,2018-09-26 00:32:29,2018-09-26 00:47:29,6,4
la_ratatouille,2018-05-25 17:09:54,2018-05-25 17:47:54,4,10
la_ratatouille,2017-07-20 09:41:17,2017-07-20 09:58:17,5,4
jack_rabbit_slims,2018-05-18 12:25:52,2018-05-18 12:49:52,6,5
jack_rabbit_slims,2017-07-17 06:41:41,2017-07-17 07:15:41,8,8
la_ratatouille,2017-06-21 13:56:20,2017-06-21 14:17:20,9,6
la_ratatouille,2018-11-16 08:06:39,2018-11-16 08:21:39,8,4
jack_rabbit_slims,2017-10-20 12:44:22,2017-10-20 12:51:22,1,1
la_ratatouille,2018-08-09 13:30:22,2018-08-09 13:45:22,10,3
la_ratatouille,2017-01-05 23:09:25,2017-01-05 23:16:25,1,1
jack_rabbit_slims,2018-03-06 22:41:03,2018-03-06 22:57:03,7,5
jack_rabbit_slims,2018-09-04 10:10:12,2018-09-04 10:58:12,1,10
la_ratatouille,2018-01-03 12:50:01,2018-01-03 12:56:01,6,2
la_ratatouille,2017-03-05 11:15:56,2017-03-05 11:35:56,9,6
jack_rabbit_slims,2018-10-01 10:08:17,2018-10-01 10:20:17,9,3
jack_rabbit_slims,2018-05-05 13:02:22,2018-05-05 13:14:22,3,2
jack_rabbit_slims,2017-09-27 09:30:26,2017-09-27 10:12:26,3,9
jack_rabbit_slims,2017-04-27 13:31:18,2017-04-27 13:35:18,10,1
jack_rabbit_slims,2018-07-04 05:33:12,2018-07-04 06:01:12,1,8
la_ratatouille,2017-11-28 08:48:08,2017-11-28 09:22:08,6,7
la_ratatouille,2017-12-05 21:14:24,2017-12-05 21:40:24,8,6
la_ratatouille,2017-08-29 03:03:29,2017-08-29 03:37:29,10,8
jack_rabbit_slims,2016-12-10 06:44:36,2016-12-10 07:09:36,9,9
jack_rabbit_slims,2017-11-28 05:33:58,2017-11-28 05:54:58,9,4
la_ratatouille,2018-07-09 21:01:52,2018-07-09 21:05:52,8,1
la_ratatouille,2018-09-04 03:48:42,2018-09-04 04:20:42,7,8
la_ratatouille,2018-09-06 17:19:21,2018-09-06 17:52:21,3,6
la_ratatouille,2017-10-22 14:56:50,2017-10-22 15:33:50,1,8
la_ratatouille,2018-09-04 23:52:23,2018-09-05 00:02:23,3,2
jack_rabbit_slims,2018-11-11 03:53:45,2018-11-11 04:26:45,1,9
la_ratatouille,2017-07-25 17:24:52,2017-07-25 17:27:52,7,1
jack_rabbit_slims,2017-08-12 08:05:23,2017-08-12 08:24:23,9,4
la_ratatouille,2018-04-20 20:59:18,2018-04-20 21:29:18,4,6
jack_rabbit_slims,2018-01-30 11:32:11,2018-01-30 11:41:11,4,3
jack_rabbit_slims,2017-06-01 07:19:03,2017-06-01 07:44:03,7,6
la_ratatouille,2018-07-18 23:43:53,2018-07-19 00:01:53,7,6
la_ratatouille,2018-01-01 12:47:13,2018-01-01 13:24:13,2,10
la_ratatouille,2017-04-20 21:56:25,2017-04-20 22:35:25,9,8
jack_rabbit_slims,2018-03-26 18:55:05,2018-03-26 19:04:05,4,1
la_ratatouille,2018-03-01 10:14:56,2018-03-01 10:38:56,1,4
la_ratatouille,2017-04-26 01:01:10,2017-04-26 01:35:10,8,8
la_ratatouille,2018-01-21 11:31:41,2018-01-21 11:35:41,9,1
la_ratatouille,2018-04-02 08:24:23,2018-04-02 08:44:23,7,6
la_ratatouille,2018-06-04 15:05:29,2018-06-04 15:09:29,7,2
la_ratatouille,2017-08-29 18:13:39,2017-08-29 18:26:39,7,2
jack_rabbit_slims,2016-12-28 05:44:02,2016-12-28 06:21:02,1,7
la_ratatouille,2017-02-18 01:43:43,2017-02-18 02:06:43,4,5
jack_rabbit_slims,2017-06-01 18:13:39,2017-06-01 18:49:39,7,7
la_ratatouille,2018-05-25 00:17:08,2018-05-25 00:25:08,7,2
la_ratatouille,2018-08-07 01:18:13,2018-08-07 01:25:13,10,2
jack_rabbit_slims,2017-11-14 21:31:58,2017-11-14 21:57:58,3,9
la_ratatouille,2017-06-05 10:24:20,2017-06-05 10:46:20,6,5
jack_rabbit_slims,2017-02-05 16:18:02,2017-02-05 16:31:02,5,4
la_ratatouille,2018-05-27 14:48:08,2018-05-27 14:53:08,3,2
jack_rabbit_slims,2018-06-01 04:28:01,2018-06-01 04:48:01,2,4
la_ratatouille,2017-03-19 18:54:26,2017-03-19 18:55:26,6,1
jack_rabbit_slims,2017-09-12 23:56:08,2017-09-13 00:12:08,9,3
jack_rabbit_slims,2018-10-17 13:59:14,2018-10-17 14:16:14,1,5
jack_rabbit_slims,2018-07-20 09:28:37,2018-07-20 09:50:37,2,4
la_ratatouille,2018-02-17 15:16:22,2018-02-17 15:45:22,5,7
la_ratatouille,2017-03-19 06:05:28,2017-03-19 06:16:28,4,3
jack_rabbit_slims,2018-12-02 02:33:56,2018-12-02 03:01:56,7,7
la_ratatouille,2017-07-28 12:10:19,2017-07-28 12:47:19,10,10
la_ratatouille,2018-06-11 18:02:08,2018-06-11 18:36:08,7,9
la_ratatouille,2017-08-23 11:59:13,2017-08-23 12:36:13,7,7
la_ratatouille,2017-06-15 01:37:37,2017-06-15 02:04:37,4,9
la_ratatouille,2017-08-01 23:57:43,2017-08-02 00:34:43,1,7
la_ratatouille,2017-03-21 19:20:35,2017-03-21 19:30:35,10,3
